,Result
0,0
1,0
2,0
3,0
4,0
5,1
6,0
7,0
8,1
9,0
10,1
11,1
12,0
13,0
14,1
15,1
16,1
17,0
18,0
19,0
20,1
21,0
22,1
23,1
24,0
25,1
26,0
27,0
28,0
29,1
30,1
31,1
32,0
33,0
34,1
35,0
36,0
37,0
38,0
39,1
40,1
41,0
42,0
43,0
44,1
45,0
46,0
47,1
48,0
49,0
50,0
51,1
52,0
53,1
54,1
55,0
56,1
57,1
58,0
59,1
60,0
61,0
62,1
63,0
64,1
65,1
66,0
67,1
68,1
69,0
70,0
71,1
72,0
73,1
74,0
75,1
76,0
77,0
78,0
79,0
80,1
81,0
82,1
83,0
84,1
85,0
86,1
87,0
88,1
89,1
90,1
91,0
92,1
93,1
94,1
95,0
96,1
97,0
98,0
99,0
100,0
101,1
102,0
103,1
104,1
105,0
106,1
107,0
108,0
109,0
110,1
111,0
112,1
113,0
114,0
115,1
116,1
117,0
118,0
119,1
120,0
121,0
122,0
123,1
124,1
125,0
126,1
127,1
128,0
129,1
130,0
131,1
132,0
133,0
134,1
135,1
136,1
137,0
138,0
139,0
140,1
141,0
142,0
143,1
144,0
145,1
146,1
147,1
148,1
149,1
150,1
151,1
152,0
153,0
154,1
155,0
156,0
157,0
158,0
159,0
160,1
161,0
162,1
163,0
164,0
165,0
166,1
167,0
168,1
169,0
170,0
171,1
172,0
173,0
174,0
175,0
176,0
177,1
178,1
179,0
180,1
181,1
182,1
183,1
184,1
185,0
186,1
187,1
188,1
189,0
190,1
191,1
192,0
193,0
194,1
195,0
196,0
197,0
198,0
199,0
200,1
201,0
202,1
203,0
204,1
205,1
206,1
207,0
208,1
209,0
210,1
211,1
212,1
213,1
214,0
215,0
216,1
217,0
218,1
219,0
220,0
221,0
222,0
223,0
224,0
225,1
226,0
227,1
228,0
229,0
230,0
231,1
232,0
233,0
234,1
235,1
236,1
237,0
238,1
239,1
240,1
241,0
242,0
243,1
244,1
245,0
246,1
247,1
248,1
249,1
250,1
251,0
252,1
253,0
254,1
255,1
256,1
257,0
258,1
259,1
260,0
261,0
262,0
263,0
264,1
265,1
266,0
267,0
268,0
269,1
270,0
271,0
272,0
273,0
274,1
275,1
276,0
277,1
278,0
279,1
280,0
281,1
282,1
283,1
284,1
285,1
286,0
287,0
288,1
289,1
290,1
291,1
292,1
293,1
294,1
295,0
296,1
297,0
298,0
299,1
300,1
301,0
302,0
303,1
304,0
305,0
306,0
307,1
308,1
309,0
310,0
311,1
312,1
313,0
314,0
315,1
316,0
317,0
318,0
319,1
320,0
321,0
322,1
323,1
324,1
325,0
326,1
327,1
328,1
329,0
330,0
331,0
332,0
333,0
334,1
335,0
336,1
337,0
338,1
339,0
340,0
341,0
342,1
343,0
344,1
345,1
346,1
347,1
348,1
349,0
350,0
351,1
352,0
353,0
354,1
355,0
356,1
357,0
358,1
359,1
360,1
361,0
362,1
363,1
364,0
365,1
366,0
367,0
368,0
369,1
370,0
371,1
372,0
373,1
374,0
375,0
376,0
377,1
378,0
379,0
380,0
381,0
382,1
383,1
384,0
385,0
386,1
387,1
388,0
389,1
390,0
391,0
392,0
393,0
394,1
395,1
396,1
397,0
398,1
399,0
400,1
401,1
402,0
403,0
404,0
405,1
406,1
407,1
408,0
409,1
410,0
411,0
412,1
413,0
414,0
415,0
416,0
417,1
419,1
420,0
421,1
422,1
423,0
424,0
425,1
426,0
427,0
428,1
429,0
430,1
431,1
432,1
433,0
434,1
435,0
436,1
437,0
438,1
439,0
440,0
441,1
442,1
443,0
444,1
445,0
446,0
447,0
448,0
449,0
450,0
451,0
452,0
453,0
454,1
455,1
456,0
457,0
458,1
459,1
460,0
461,1
462,1
463,0
464,1
465,1
466,0
467,1
468,0
469,0
470,0
471,0
472,1
473,0
474,1
475,0
476,1
477,1
478,0
479,1
480,0
481,1
482,0
483,0
484,0
485,1
486,0
487,0
488,0
489,0
490,0
491,1
492,0
493,0
494,1
495,0
496,0
497,1
498,0
499,1
500,0
501,0
502,1
503,1
504,0
505,0
506,1
507,1
508,1
509,1
510,0
511,0
512,0
513,1
514,1
515,1
516,0
517,1
518,0
519,0
520,0
521,0
522,1
523,1
524,1
525,0
526,1
527,0
528,0
529,0
530,1
531,1
532,0
533,0
534,0
535,1
536,1
537,0
538,0
539,0
540,1
541,0
542,0
543,1
544,1
545,1
546,0
547,1
548,0
549,0
550,1
551,0
552,0
553,1
554,0
555,1
556,1
557,1
558,0
559,1
560,0
561,1
562,0
563,0
564,0
565,0
566,1
567,0
568,0
569,0
570,1
571,1
572,1
573,1
574,0
575,0
576,1
577,1
578,0
579,1
580,0
581,1
582,0
583,0
584,1
585,0
586,1
587,0
588,0
589,0
590,0
591,1
592,0
593,0
594,1
595,0
596,1
597,1
598,1
599,1
600,1
601,0
602,0
603,1
604,1
605,1
606,1
607,1
608,0
609,0
610,0
611,0
612,1
613,0
614,0
615,0
616,0
617,1
618,0
619,1
620,0
621,0
622,0
623,0
624,0
625,1
626,1
627,0
628,0
629,1
630,0
631,1
632,0
633,1
634,0
635,0
636,1
637,0
638,0
639,0
640,1
641,0
642,1
643,1
644,0
645,1
646,1
647,1
648,1
649,1
650,1
651,0
652,0
653,0
654,1
655,1
656,1
657,0
658,1
659,1
660,0
661,0
662,0
663,0
664,0
665,1
666,1
667,1
668,1
669,1
670,1
671,0
672,1
673,0
674,1
675,1
676,0
677,1
678,1
679,1
680,1
681,1
682,0
683,0
684,0
685,0
686,0
687,0
688,1
689,1
690,0
691,0
692,0
693,1
694,1
695,0
696,1
697,0
698,1
699,0
700,1
701,0
702,0
703,1
704,1
705,0
706,1
707,1
708,0
709,0
710,1
711,0
712,0
713,0
714,1
715,0
716,0
717,0
718,1
719,1
720,0
721,0
722,1
723,1
724,1
725,0
726,1
727,0
728,0
729,0
730,1
731,0
732,0
733,0
734,0
735,0
736,0
737,0
738,0
739,1
740,1
741,1
742,1
743,1
744,1
745,1
746,0
747,0
748,0
749,1
750,0
751,0
752,0
753,0
754,0
755,1
756,1
757,1
758,0
759,0
760,0
761,0
762,1
763,0
764,0
765,1
766,0
767,0
768,1
769,1
770,1
771,1
772,0
773,0
774,1
775,1
776,0
777,0
778,1
779,0
780,1
781,1
782,0
783,1
784,1
785,1
786,1
787,1
788,0
789,1
790,0
791,0
792,0
793,0
794,1
795,1
796,1
797,0
798,1
799,0
800,1
801,0
802,1
803,0
804,1
805,0
806,0
807,0
808,1
809,1
810,0
811,0
812,1
813,0
814,1
815,0
816,0
817,0
818,1
819,0
820,0
821,1
822,1
823,1
824,0
825,0
826,1
827,0
828,0
829,1
830,0
831,1
832,0
833,1
834,1
835,1
836,1
837,1
838,0
839,1
840,0
841,0
842,1
843,1
844,1
845,0
846,1
847,0
848,1
849,1
850,0
851,0
852,0
853,0
854,1
855,0
856,0
857,1
858,0
859,0
860,0
861,0
862,1
863,1
864,0
865,0
866,0
867,1
868,0
869,0
870,0
871,1
872,1
873,0
874,1
875,1
876,0
877,0
878,1
879,0
880,0
881,0
882,1
883,1
884,0
885,1
886,0
887,1
888,1
889,0
890,0
891,0
892,1
893,0
894,0
895,1
896,1
897,0
898,0
899,1
900,0
901,0
902,0
903,0
904,1
905,0
906,0
907,0
908,1
909,1
910,1
911,1
912,1
913,0
914,1
915,0
916,0
917,0
918,1
919,1
920,1
921,0
922,0
923,0
924,0
925,1
926,0
927,0
928,1
929,0
930,0
931,0
932,0
933,0
934,0
935,1
936,0
937,1
938,1
939,0
940,0
941,0
942,0
943,1
944,0
945,0
946,1
947,1
948,1
949,0
950,1
951,1
952,1
953,1
954,0
955,1
956,0
957,0
958,1
959,0
960,0
961,1
962,0
963,0
964,1
965,0
966,0
967,1
968,1
969,0
970,0
971,1
972,1
973,0
974,1
975,0
976,1
977,1
978,0
979,1
980,1
981,0
982,1
983,0
984,1
985,1
986,1
987,0
988,0
989,0
990,1
991,0
992,0
993,0
994,0
995,0
996,1
997,1
998,0
999,1
1000,0
1001,1
1002,0
1003,1
1004,1
1005,1
1006,0
1007,1
1008,0
1009,1
1010,1
1011,0
1012,0
1013,1
1014,1
1015,0
1016,1
1017,0
1018,1
1019,1
1020,1
1021,1
1022,1
1023,0
1024,1
1025,0
1026,1
1027,1
1028,0
1029,1
1030,0
1031,0
1032,1
1033,1
1034,1
1035,1
1036,1
1037,0
1038,1
1039,1
1040,1
1041,1
1042,0
1043,1
1044,0
1045,0
1046,0
1047,1
1048,0
1049,0
1050,1
1051,0
1052,0
1053,1
1054,1
1055,0
1056,0
1057,1
1058,1
1059,1
1060,1
1061,1
1062,1
1063,0
1064,1
1065,0
1066,0
1067,0
1068,1
1069,0
1070,0
1071,1
1072,0
1073,1
1074,1
1075,0
1076,1
1077,0
1078,0
1079,0
1080,0
1081,0
1082,1
1083,0
1084,0
1085,1
1086,0
1087,1
1088,1
1089,0
1090,0
1091,0
1092,1
1093,1
1094,1
1095,0
1096,0
1097,1
1098,0
1099,1
1100,1
1101,0
1102,0
1103,1
1104,0
1105,0
1106,1
1107,0
1108,0
1109,0
1110,1
1111,1
1112,1
1113,0
1114,0
1115,1
1116,0
1117,1
1118,1
1119,0
1120,0
1121,1
1122,1
1123,0
1124,1
1125,0
1126,1
1127,1
1128,1
1129,1
1131,1
1132,0
1133,1
1134,1
1135,0
1136,0
1137,1
1138,0
1139,0
1140,1
1141,0
1142,1
1143,0
1144,0
1145,0
1146,1
1147,0
1148,0
1149,0
1150,0
1151,0
1152,1
1153,0
1154,1
1155,1
1156,1
1157,0
1158,1
1159,0
1160,1
1161,1
1162,1
1163,0
1164,1
1165,1
1166,0
1167,0
1168,0
1169,0
1170,0
1171,0
1172,1
1173,0
1174,0
1175,0
1176,1
1177,1
1178,1
1179,0
1180,0
1181,1
1182,1
1183,1
1184,0
1185,0
1186,0
1187,1
1188,0
1189,0
1190,0
1191,1
1192,0
1193,0
1194,1
1195,0
1196,1
1197,1
1198,1
1199,0
1200,0
1201,0
1202,0
1203,1
1204,0
1205,0
1206,0
1207,1
1208,1
1209,1
1210,0
1211,1
1212,0
1213,0
1214,0
1215,0
1216,0
1217,1
1218,1
1219,0
1220,0
1221,1
1222,1
1223,1
1224,1
1225,0
1226,0
1227,1
1228,0
1229,1
1230,0
1231,0
1232,1
1233,1
1234,0
1235,0
1236,0
1237,0
1238,0
1239,0
1240,1
1241,0
1242,0
1243,0
1244,1
1245,1
1246,0
1247,1
1248,0
1249,1
1250,0
1251,1
1252,0
1253,1
1254,1
1255,1
1256,0
1257,1
1258,0
1259,0
1260,1
1261,1
1262,1
1263,1
1264,0
1265,1
1266,0
1267,0
1268,0
1269,1
1270,0
1271,1
1272,1
1273,0
1274,0
1275,1
1276,0
1277,0
1278,1
1279,0
1280,1
1281,1
1282,1
1283,1
1284,0
1285,1
1286,1
1287,0
1288,0
1289,1
1290,0
1291,1
1292,0
1293,1
1294,0
1295,0
1296,1
1297,1
1298,1
1299,0
1300,0
1301,0
1302,1
1303,1
1304,0
1305,1
1306,1
1307,0
1308,0
1309,1
1310,1
1311,0
1312,1
1313,0
1314,0
1315,0
1316,1
1317,1
1318,0
1319,1
1320,1
1321,0
1322,0
1323,0
1324,0
1325,1
1326,0
1327,0
1328,0
1329,0
1330,0
1331,0
1332,0
1333,0
1334,1
1335,1
1336,1
1337,0
1338,0
1339,0
1340,0
1341,0
1342,0
1343,1
1344,1
1345,0
1346,0
1347,0
1348,0
1349,0
1350,0
1351,0
1352,0
1353,1
1354,0
1355,1
1356,1
1357,0
1358,1
1359,1
1360,0
1361,0
1362,0
1363,0
1364,1
1365,1
1366,1
1367,0
1368,1
1369,0
1370,0
1371,1
1372,0
1373,1
1374,0
1375,1
1376,0
1377,1
1378,1
1379,0
1380,1
1381,1
1382,1
1383,0
1384,1
1385,1
1386,0
1387,0
1388,0
1389,1
1390,0
1391,1
1392,0
1393,0
1394,1
1395,0
1396,0
1397,0
1398,0
1399,1
1400,0
1401,0
1402,0
1403,0
1404,0
1405,1
1406,0
1407,1
1408,0
1409,1
1410,0
1411,0
1412,1
1413,0
1414,1
1415,1
1416,0
1417,1
1418,1
1419,1
1420,0
1421,1
1422,1
1423,1
1424,0
1425,1
1426,0
1427,0
1428,0
1429,1
1430,1
1431,0
1432,1
1433,1
1434,1
1435,0
1436,1
1437,0
1438,0
1439,1
1440,0
1441,0
1442,0
1443,1
1444,1
1445,1
1446,1
1447,1
1448,1
1449,1
1450,1
1451,1
1452,0
1453,1
1454,0
1455,1
1456,0
1457,0
1458,0
1459,0
1460,1
1461,0
1462,0
1463,0
1464,0
1465,1
1466,1
1467,1
1468,1
1469,0
1470,0
1471,1
1472,0
1473,0
1474,0
1475,1
1476,1
1477,0
1478,0
1479,0
1480,0
1481,0
1482,0
1483,1
1484,1
1485,0
1486,0
1487,1
1488,0
1489,1
1490,0
1491,0
1492,1
1493,0
1494,0
1495,1
1496,1
1497,0
1498,0
1499,0
1500,1
1501,1
1502,1
1503,0
1504,0
1505,1
1506,0
1507,0
1508,1
1509,0
1510,1
1511,0
1512,0
1513,1
1514,1
1515,0
1516,0
1517,0
1518,1
1519,0
1520,0
1521,0
1522,1
1523,1
1524,1
1525,1
1526,0
1527,0
1528,0
1529,1
1530,0
1531,1
1532,0
1533,1
1534,0
1535,1
1536,0
1537,1
1538,1
1539,1
1540,0
1541,0
1542,1
1543,0
1544,0
1545,0
1546,0
1547,0
1548,0
1549,0
1550,1
1551,0
1552,0
1553,1
1554,0
1555,0
1556,0
1557,1
1558,1
1559,0
1560,1
1561,0
1562,0
1563,0
1564,1
1565,1
1566,1
1567,1
1568,1
1569,1
1570,1
1571,1
1572,1
1573,0
1574,1
1575,1
1576,0
1577,1
1578,1
1579,0
1580,1
1581,0
1582,0
1583,1
1584,1
1585,0
1586,0
1587,1
1588,1
1589,0
1590,0
1591,1
1592,1
1593,1
1594,1
1595,0
1596,0
1597,1
1598,1
1599,0
1600,1
1601,0
1602,0
1603,0
1604,1
1605,1
1606,1
1607,1
1608,0
1609,1
1610,1
1611,0
1612,1
1613,0
1614,0
1615,1
1616,1
1617,1
1618,1
1619,1
1620,0
1621,0
1622,0
1623,1
1624,1
1625,0
1626,1
1627,1
1628,0
1629,0
1630,0
1631,1
1632,1
1633,0
1634,0
1635,1
1636,0
1637,0
1638,0
1639,0
1640,0
1641,1
1642,1
1643,1
1644,1
1645,1
1646,0
1647,0
1648,1
1649,1
1650,1
1651,1
1652,0
1653,0
1654,1
1655,1
1656,0
1657,1
1658,1
1659,1
1660,1
1661,0
1662,1
1663,1
1664,1
1665,1
1666,0
1667,0
1668,1
1669,1
1670,0
1671,1
1672,0
1673,1
1674,0
1675,1
1676,0
1677,0
1678,0
1679,0
1680,1
1681,0
1682,0
1683,0
1684,1
1685,1
1686,1
1687,1
1688,1
1689,0
1690,1
1691,0
1692,0
1693,1
1694,0
1695,0
1696,0
1697,0
1698,1
1699,1
1700,1
1701,1
1702,0
1703,1
1704,0
1705,1
1706,1
1707,0
1708,0
1709,1
1710,1
1711,0
1712,1
1713,1
1714,1
1715,1
1716,0
1717,1
1718,0
1719,0
1720,1
1721,1
1722,0
1723,0
1724,0
1725,1
1726,1
1727,0
1728,0
1729,0
1730,1
1731,1
1732,1
1733,0
1734,1
1735,1
1736,0
1737,0
1738,0
1739,0
1740,0
1741,1
1742,0
1743,0
1744,1
1745,1
1746,1
1747,0
1748,1
1749,0
1750,1
1751,0
1752,1
1753,1
1754,0
1755,1
1756,1
1757,0
1758,1
1759,1
1760,1
1761,1
1762,0
1763,0
1764,1
1765,1
1766,0
1767,0
1768,0
1769,0
1770,1
1771,1
1772,0
1773,0
1774,0
1775,1
1776,0
1777,1
1778,1
1779,1
1780,0
1781,1
1782,1
1783,0
1784,0
1785,0
1786,0
1787,0
1788,0
1789,0
1790,0
1791,0
1792,0
1793,1
1794,0
1795,0
1796,1
1797,0
1798,1
1799,0
1800,0
1801,0
1802,0
1803,1
1804,0
1805,0
1806,0
1807,0
1808,1
1809,0
1810,0
1811,1
1812,0
1813,0
1814,0
1815,1
1816,0
1817,0
1818,1
1819,0
1820,1
1821,1
1822,0
1823,0
1824,1
1825,0
1826,0
1827,1
1828,0
1829,1
1830,0
1831,0
1832,1
1833,0
1834,0
1835,0
1836,0
1837,1
1838,0
1839,1
1840,1
1841,1
1842,1
1843,1
1844,0
1845,1
1846,1
1847,0
1848,0
1849,1
1850,0
1851,1
1852,0
1853,1
1854,0
1855,1
1856,0
1857,1
1858,1
1859,0
1860,1
1861,0
1862,1
1863,0
1864,0
1865,0
1867,0
1868,1
1869,1
1870,0
1871,1
1872,0
1873,0
1874,0
1875,1
1876,1
1877,0
1878,1
1879,1
1880,0
1881,1
1882,0
1883,0
1884,1
1885,1
1886,0
1887,0
1888,0
1889,1
1890,1
1891,0
1892,0
1893,0
1894,1
1895,0
1896,1
1897,0
1898,1
1899,0
1900,0
1901,0
1902,0
1903,1
1904,0
1905,0
1906,1
1907,1
1908,1
1909,0
1910,0
1911,0
1912,1
1913,1
1914,0
1915,1
1916,0
1917,0
1918,0
1919,1
1920,0
1921,1
1922,1
1923,0
1924,1
1925,0
1926,0
1927,1
1928,1
1929,0
1930,1
1931,0
1932,1
1933,0
1934,0
1935,0
1936,1
1937,0
1938,0
1939,1
1940,1
1941,0
1942,1
1943,0
1944,1
1945,1
1946,0
1947,0
1948,1
1949,0
1950,1
1951,0
1952,0
1953,0
1954,0
1955,0
1956,1
1957,1
1958,1
1959,1
1960,0
1961,0
1962,0
1963,0
1964,1
1965,1
1966,1
1967,0
1968,0
1969,0
1970,0
1971,0
1972,0
1973,0
1974,0
1975,1
1976,0
1977,1
1978,1
1979,0
1980,0
1981,0
1982,0
1983,0
1984,1
1985,0
1986,0
1987,0
1988,0
1989,0
1990,1
1991,1
1992,1
1993,0
1994,0
1995,1
1996,1
1997,0
1998,1
1999,1
2000,0
2001,0
2002,0
2003,1
2004,1
2005,1
2006,1
2007,1
2008,1
2009,0
2010,0
2011,1
2012,1
2013,1
2014,0
2015,0
2016,0
2017,0
2018,1
2019,0
2020,0
2021,0
2022,1
2023,0
2024,1
2025,0
2026,0
2027,0
2028,0
2029,0
2030,0
2031,0
2032,1
2033,1
2034,0
2035,1
2036,1
2037,0
2038,0
2039,1
2040,1
2041,0
2042,0
2043,1
2044,1
2045,0
2046,0
2047,0
2048,0
2049,0
2050,0
2051,0
2052,0
2053,1
2054,0
2055,1
2056,0
2057,1
2058,1
2059,0
2060,0
2061,0
2062,0
2063,0
2064,0
2065,0
2066,0
2067,0
2068,0
2069,0
2070,0
2071,1
2072,0
2073,1
2074,1
2075,1
2076,0
2077,0
2078,0
2079,0
2080,0
2081,1
2082,0
2083,0
2084,0
2085,0
2086,0
2087,1
2088,0
2089,1
2090,1
2091,1
2092,1
2093,1
2094,1
2095,1
2096,1
2097,1
2098,0
2099,0
2100,0
2101,0
2102,0
2103,1
2104,1
2105,0
2106,0
2107,1
2108,1
2109,0
2110,0
2111,0
2112,0
2113,1
2114,0
2115,1
2116,0
2117,1
2118,0
2119,0
2120,1
2121,0
2122,1
2123,1
2124,1
2125,1
2126,1
2127,1
2128,0
2129,1
2130,1
2131,1
2132,1
2133,1
2134,0
2135,0
2136,0
2137,0
2138,0
2139,1
2140,0
2141,0
2142,1
2143,0
2144,1
2145,1
2146,0
2147,1
2148,1
2149,1
2150,0
2151,0
2152,1
2153,1
2154,0
2155,1
2156,1
2157,1
2158,1
2159,0
2160,0
2161,0
2162,0
2163,1
2164,0
2165,1
2166,0
2167,0
2168,0
2169,0
2170,0
2171,1
2172,0
2173,0
2174,0
2175,0
2176,0
2177,1
2178,0
2179,1
2180,1
2181,1
2182,0
2183,0
2184,1
2185,0
2186,0
2187,1
2188,1
2189,1
2190,1
2191,1
2192,0
2193,1
2194,1
2195,0
2196,1
2197,0
2198,0
2199,0
2200,0
2201,1
2202,0
2203,0
2204,0
2205,1
2206,0
2207,0
2208,0
2209,1
2210,0
2211,0
2212,1
2213,0
2214,1
2215,0
2216,0
2217,0
2218,0
2219,0
2220,0
2221,0
2222,1
2223,1
2224,1
2225,0
2226,1
2227,1
2228,1
2229,0
2230,0
2231,1
2232,0
2233,1
2234,0
2235,0
2236,1
2237,0
2238,1
2239,0
2240,1
2241,0
2242,0
2243,1
2244,1
2245,1
2246,0
2247,0
2248,0
2249,0
2250,0
2251,0
2252,1
2253,0
2254,1
2255,1
2256,1
2257,0
2258,1
2259,0
2260,0
2261,1
2262,0
2263,1
2264,0
2265,1
2266,1
2267,0
2268,0
2269,1
2270,0
2271,0
2272,1
2273,1
2274,1
2275,0
2276,0
2277,0
2278,1
2279,1
2280,1
2281,1
2282,1
2283,1
2284,0
2285,1
2286,0
2287,1
2288,0
2289,0
2290,1
2291,1
2292,1
2293,0
2294,0
2295,1
2296,0
2297,1
2298,1
2299,0
2300,0
2301,1
2302,1
2303,0
2304,0
2305,1
2306,0
2307,1
2308,1
2309,1
2310,0
2311,0
2312,0
2313,1
2314,0
2315,0
2316,1
2317,0
2318,0
2319,1
2320,1
2321,0
2322,1
2323,1
2324,0
2325,0
2326,0
2327,1
2328,0
2329,1
2330,1
2331,1
2332,1
2333,1
2334,0
2335,1
2336,0
2337,1
2338,0
2339,0
2340,1
2341,1
2342,0
2343,1
2344,1
2345,0
2346,1
2347,1
2348,1
2349,1
2350,1
2351,0
2352,0
2353,1
2354,1
2355,1
2356,0
2357,0
2358,1
2359,1
2360,0
2361,0
2362,1
2363,0
2364,1
2365,0
2366,1
2367,1
2368,0
2369,0
2370,0
2371,0
2372,1
2373,1
2374,0
2375,0
2376,1
2377,1
2378,1
2379,1
2380,0
2381,1
2382,1
2383,0
2384,0
2385,0
2386,0
2387,0
2388,1
2389,0
2390,0
2391,1
2392,0
2393,1
2394,0
2395,0
2396,0
2397,0
2398,0
2399,0
2400,1
2401,0
2402,0
2403,0
2404,0
2405,1
2406,1
2407,1
2408,1
2409,0
2410,0
2411,0
2412,0
2413,0
2414,0
2415,1
2416,0
2417,1
2418,0
2419,1
2420,0
2421,1
2422,1
2423,1
2424,1
2425,0
2426,0
2427,1
2428,0
2429,1
2430,0
2431,0
2432,1
2433,0
2434,0
2435,1
2436,1
2437,0
2438,0
2439,1
2440,1
2441,1
2442,0
2443,0
2444,1
2445,1
2446,1
2447,0
2448,1
2449,0
2450,0
2451,1
2452,0
2453,0
2454,1
2455,0
2456,1
2457,1
2458,1
2459,1
2460,0
2461,0
2462,0
2463,1
2464,1
2465,1
2466,0
2467,0
2468,1
2469,1
2470,0
2471,0
2472,1
2473,1
2474,0
2475,1
2476,0
2477,0
2478,1
2479,0
2480,0
2481,0
2482,1
2483,0
2484,1
2485,0
2486,0
2487,0
2488,1
2489,0
2490,0
2491,0
2492,1
2493,1
2494,1
2495,0
2496,0
2497,1
2498,0
2499,1
2500,0
2501,0
2502,1
2503,0
2504,1
2505,1
2506,0
2507,1
2508,0
2509,0
2510,1
2511,0
2512,1
2513,1
2514,1
2515,0
2516,1
2517,0
2518,0
2519,0
2520,1
2521,0
2522,1
2523,0
2524,1
2525,0
2526,0
2527,1
2528,1
2529,1
2530,0
2531,1
2532,1
2533,0
2534,1
2535,0
2536,1
2537,0
2538,1
2539,0
2540,1
2541,1
2542,1
2543,0
2544,0
2545,0
2546,0
2547,1
2548,0
2549,0
2550,1
2551,0
2552,1
2553,0
2554,0
2555,0
2556,0
2557,0
2558,0
2559,1
2560,1
2561,0
2562,1
2563,0
2564,1
2565,0
2566,0
2567,0
2568,1
2569,1
2570,0
2571,1
2572,0
2573,0
2574,0
2575,0
2576,0
2577,0
2578,0
2579,0
2580,1
2581,1
2582,0
2583,1
2584,1
2585,0
2586,1
2587,1
2588,0
2589,1
2590,0
2591,0
2592,0
2593,0
2594,0
2595,1
2596,1
2597,0
2598,0
2599,1
2600,0
2601,0
2602,0
2604,1
2605,0
2606,1
2607,0
2608,1
2609,0
2610,1
2611,0
2612,1
2613,1
2614,0
2615,0
2616,0
2617,1
2618,1
2619,0
2620,1
2621,1
2622,1
2623,0
2624,1
2625,1
2626,1
2627,0
2628,0
2629,1
2630,1
2631,0
2632,0
2633,1
2634,1
2635,0
2636,1
2637,1
2638,0
2639,1
2640,0
2641,1
2642,0
2643,1
2644,0
2645,0
2646,0
2647,1
2648,0
2649,0
2650,1
2651,0
2652,0
2653,1
2654,1
2655,0
2656,0
2657,0
2658,1
2659,0
2660,0
2661,0
2662,1
2663,1
2664,0
2665,1
2666,0
2667,0
2668,1
2669,0
2670,1
2671,0
2672,0
2673,0
2674,1
2675,0
2676,1
2677,0
2678,1
2679,0
2680,1
2681,0
2682,1
2683,1
2684,1
2685,1
2686,0
2687,1
2688,1
2689,0
2690,1
2691,0
2692,0
2693,0
2694,1
2695,0
2696,0
2697,0
2698,0
2699,1
2700,1
2701,1
2702,1
2703,1
2704,0
2705,0
2706,1
2707,0
2708,1
2709,1
2710,0
2711,0
2712,1
2713,1
2714,0
2715,0
2716,0
2717,0
2718,0
2719,1
2720,0
2721,0
2722,1
2723,1
2724,1
2725,1
2726,0
2727,1
2728,0
2729,0
2730,0
2731,1
2732,1
2733,1
2734,0
2735,0
2736,1
2737,0
2738,0
2739,1
2740,0
2741,0
2742,1
2743,1
2744,0
2745,0
2746,1
2747,1
2748,0
2749,0
2750,1
2751,0
2752,0
2753,1
2754,0
2755,1
2756,0
2757,0
2758,0
2759,1
2760,0
2761,0
2762,1
2763,0
2764,1
2765,1
2766,0
2767,0
2768,0
2769,1
2770,1
2771,0
2772,1
2773,1
2774,0
2775,0
2776,1
2777,0
2778,1
2779,1
2780,1
2781,1
2782,0
2783,1
2784,0
2785,1
2786,0
2787,0
2788,0
2789,0
2790,1
2791,1
2792,0
2793,0
2794,1
2795,1
2796,0
2797,1
2798,0
2799,1
2800,1
2801,0
2802,0
2803,0
2804,1
2805,0
2806,0
2807,1
2808,1
2809,1
2810,1
2811,0
2812,1
2813,0
2814,0
2815,0
2816,0
2817,0
2818,0
2819,0
2820,0
2821,1
2822,1
2823,0
2824,0
2825,0
2826,0
2827,0
2828,0
2829,0
2830,0
2831,1
2832,0
2833,1
2834,0
2835,0
2836,0
2837,0
2838,0
2839,0
2840,1
2841,0
2842,0
2843,0
2844,1
2845,1
2846,0
2847,0
2848,0
2849,1
2850,1
2851,1
2852,0
2853,0
2854,1
2855,1
2856,1
2857,0
2858,1
2859,0
2860,0
2861,0
2862,1
2863,0
2864,1
2865,0
2866,1
2867,1
2868,1
2869,1
2870,0
2871,0
2872,1
2873,0
2874,1
2875,0
2876,1
2877,1
2878,0
2879,1
2880,0
2881,1
2882,0
2883,0
2884,1
2885,0
2886,1
2887,1
2888,0
2889,0
2890,1
2891,1
2892,0
2893,1
2894,0
2895,0
2896,1
2897,0
2898,0
2899,1
2900,0
2901,0
2902,1
2903,0
2904,1
2905,0
2906,0
2907,0
2908,1
2909,0
2910,1
2911,0
2912,1
2913,1
2914,0
2915,0
2916,0
2917,0
2918,1
2919,1
2920,1
2921,1
2922,0
2923,1
2924,1
2925,1
2926,0
2927,0
2928,1
2929,0
2930,0
2931,1
2932,0
2933,0
2934,0
2935,1
2936,0
2937,1
2938,0
2939,0
2940,1
2941,0
2942,1
2943,0
2944,0
2945,0
2946,1
2947,1
2948,0
2949,1
2950,0
2951,0
2952,1
2953,1
2954,0
2955,0
2956,1
2957,0
2958,1
2959,1
2960,1
2961,1
2962,0
2963,0
2964,0
2965,0
2966,0
2967,0
2968,1
2969,1
2970,0
2971,0
2972,1
2973,1
2974,0
2975,0
2976,1
2977,0
2978,0
2979,1
2980,0
2981,1
2982,0
2983,0
2984,1
2985,1
2986,1
2987,1
2988,0
2989,1
2990,0
2991,0
2992,1
2993,1
2994,1
2995,1
2996,0
2997,1
2998,0
2999,0
3000,1
3001,0
3002,0
3003,0
3004,1
3005,1
3006,1
3007,0
3008,1
3009,1
3010,0
3011,1
3012,1
3013,0
3014,0
3015,1
3016,0
3017,0
3018,1
3019,0
3020,0
3021,1
3022,0
3023,1
3024,1
3025,0
3026,1
3027,0
3028,1
3029,0
3030,0
3031,1
3032,0
3033,0
3034,0
3035,0
3036,0
3037,1
3038,1
3039,0
3040,0
3041,1
3042,1
3043,0
3044,1
3045,0
3046,1
3047,0
3048,1
3049,1
3050,0
3051,1
3052,1
3053,0
3054,0
3055,0
3056,1
3057,0
3058,0
3059,0
3060,0
3061,0
3062,0
3063,0
3064,1
3065,0
3066,0
3067,0
3068,0
3069,0
3070,1
3071,1
3072,0
3073,1
3074,0
3075,1
3076,1
3077,0
3078,1
3079,0
3080,0
3081,0
3082,1
3083,1
3084,1
3085,0
3086,1
3087,1
3088,0
3089,1
3090,1
3091,0
3092,0
3093,1
3094,0
3095,0
3096,0
3097,1
3098,1
3099,0
3100,0
3101,1
3102,0
3103,1
3104,0
3105,1
3106,1
3107,1
3108,0
3109,1
3110,1
3111,1
3112,0
3113,0
3114,0
3115,0
3116,1
3117,1
3118,0
3119,0
3120,0
3121,1
3122,1
3123,0
3124,0
3125,0
3126,0
3127,0
3128,0
3129,0
3130,0
3131,1
3132,1
3133,0
3134,1
3135,0
3136,1
3137,0
3138,1
3139,0
3140,0
3141,0
3142,0
3143,1
3144,0
3145,1
3146,0
3147,0
3148,0
3149,1
3150,0
3151,0
3152,0
3153,1
3154,0
3155,1
3156,1
3157,1
3158,0
3159,1
3160,1
3161,1
3162,0
3163,0
3164,0
3165,0
3166,0
3167,0
3168,1
3169,0
3170,0
3171,1
3172,1
3173,0
3174,1
3175,1
3176,1
3177,0
3178,0
3179,1
3180,1
3181,0
3182,0
3183,0
3184,1
3185,1
3186,1
3187,0
3188,0
3189,1
3190,0
3191,0
3192,0
3193,0
3194,0
3195,0
3196,0
3197,1
3198,0
3199,0
3200,0
3201,1
3202,1
3203,1
3204,0
3205,0
3206,1
3207,0
3208,1
3209,1
3210,0
3211,0
3212,0
3213,1
3214,1
3215,0
3216,1
3217,0
3218,0
3219,0
3220,0
3221,1
3222,0
3223,0
3224,0
3225,0
3226,1
3227,0
3228,0
3229,1
3230,0
3231,0
3232,0
3233,0
3234,1
3235,0
3236,0
3237,0
3238,0
3239,0
3240,1
3241,0
3242,1
3243,1
3244,0
3245,1
3246,0
3247,1
3248,0
3249,0
3250,0
3251,0
3252,0
3253,0
3254,1
3255,1
3256,1
3257,0
3258,0
3259,1
3260,0
3261,1
3262,0
3263,0
3264,0
3265,1
3266,1
3267,0
3268,1
3269,0
3270,0
3271,1
3272,1
3273,0
3274,1
3275,0
3276,0
3277,1
3278,0
3279,0
3280,0
3281,1
3282,1
3283,1
3284,0
3285,1
3286,1
3287,0
3288,0
3289,1
3290,0
3291,0
3292,0
3293,0
3294,0
3295,0
3296,0
3297,0
3298,1
3299,1
3300,0
3301,0
3302,0
3303,1
3304,1
3305,1
3306,0
3307,0
3308,1
3309,0
3310,1
3311,0
3312,0
3313,0
3314,0
3315,0
3316,1
3317,1
3318,0
3319,1
3320,1
3321,0
3322,0
3323,1
3324,0
3325,1
3326,1
3327,0
3328,1
3329,1
3330,1
3331,1
3332,0
3333,0
3334,0
3335,0
3336,0
3337,1
3338,1
3339,1
3340,0
3341,0
3342,1
3343,1
3344,0
3345,1
3346,0
3347,0
3348,1
3349,1
3350,0
3351,0
3352,0
3353,1
3354,1
3355,1
3356,1
3357,0
3358,1
3360,0
3361,0
3362,1
3363,0
3364,1
3365,0
3366,1
3367,0
3368,1
3369,0
3370,1
3371,1
3372,1
3373,1
3374,0
3375,1
3376,0
3377,1
3378,1
3379,1
3380,0
3381,1
3382,0
3383,0
3384,1
3385,1
3386,1
3387,0
3388,0
3389,0
3390,1
3391,1
3392,1
3393,0
3394,1
3395,0
3396,0
3397,0
3398,1
3399,1
3400,1
3401,0
3402,0
3403,0
3404,1
3405,0
3406,1
3407,0
3408,0
3409,1
3410,0
3411,1
3412,0
3413,0
3414,1
3415,1
3416,1
3417,0
3418,0
3419,0
3420,0
3421,0
3422,0
3423,1
3424,1
3425,0
3426,0
3427,0
3428,1
3429,1
3430,1
3431,1
3432,0
3433,0
3434,1
3435,0
3436,0
3437,0
3438,1
3439,0
3440,0
3441,0
3442,0
3443,0
3444,0
3445,1
3446,1
3447,0
3448,1
3449,0
3450,1
3451,1
3452,0
3453,0
3454,0
3455,0
3456,1
3457,0
3458,0
3459,1
3460,1
3461,0
3462,1
3463,0
3464,0
3465,0
3466,0
3467,1
3468,0
3469,0
3470,0
3471,0
3472,1
3473,0
3474,1
3475,1
3476,1
3477,1
3478,1
3479,0
3480,0
3481,0
3482,1
3483,1
3484,1
3485,0
3486,1
3487,0
3488,0
3489,0
3490,0
3491,0
3492,0
3493,0
3494,1
3495,1
3496,1
3497,0
3498,1
3499,0
3500,1
3501,1
3502,0
3503,1
3504,0
3505,0
3506,0
3507,0
3508,0
3509,1
3510,0
3511,1
3512,1
3513,1
3514,1
3515,1
3516,1
3517,1
3518,0
3519,0
3520,0
3521,0
3522,1
3523,1
3524,0
3525,0
3526,0
3527,0
3528,1
3529,1
3530,0
3531,0
3532,1
3533,1
3534,1
3535,1
3536,0
3537,0
3538,0
3539,1
3540,1
3541,0
3542,0
3543,0
3544,1
3545,1
3546,1
3547,0
3548,0
3549,0
3550,0
3551,0
3552,0
3553,1
3554,0
3555,1
3556,1
3557,1
3558,1
3559,0
3560,0
3561,1
3562,0
3563,1
3564,1
3565,0
3566,0
3567,1
3568,0
3569,1
3570,1
3571,0
3572,0
3573,1
3574,1
3575,1
3576,1
3577,0
3578,1
3579,0
3580,0
3581,0
3582,0
3583,1
3584,1
3585,1
3586,1
3587,1
3588,1
3589,1
3590,1
3591,0
3592,0
3593,0
3594,0
3595,1
3596,1
3597,0
3598,1
3599,0
3600,1
3601,0
3602,1
3603,0
3604,1
3605,1
3606,1
3607,1
3608,1
3609,0
3610,1
3611,1
3612,1
3613,1
3614,1
3615,1
3616,1
3617,0
3618,1
3619,0
3620,0
3621,0
3622,0
3623,0
3624,0
3625,0
3626,0
3627,1
3628,1
3629,0
3630,0
3631,1
3632,0
3633,0
3634,1
3635,0
3636,0
3637,0
3638,1
3639,1
3640,0
3641,1
3642,0
3643,1
3644,0
3645,1
3646,0
3647,1
3648,0
3649,1
3650,0
3651,1
3652,0
3653,0
3654,0
3655,1
3656,1
3657,0
3658,1
3659,0
3660,1
3661,1
3662,0
3663,0
3664,0
3665,0
3666,0
3667,0
3668,0
3669,1
3670,1
3671,1
3672,1
3673,0
3674,0
3675,0
3676,1
3677,0
3678,1
3679,1
3680,1
3681,1
3682,1
3683,1
3684,0
3685,0
3686,0
3687,0
3688,0
3689,0
3690,0
3691,0
3692,0
3693,1
3694,1
3695,0
3696,1
3697,0
3698,0
3699,1
3700,1
3701,1
3702,0
3703,0
3704,1
3705,0
3706,0
3707,0
3708,1
3709,0
3710,0
3711,0
3712,0
3713,0
3714,0
3715,1
3716,0
3717,1
3718,1
3719,1
3720,1
3721,1
3722,1
3723,0
3724,1
3725,1
3726,0
3727,0
3728,0
3729,1
3730,0
3731,0
3732,1
3733,0
3734,1
3735,0
3736,0
3737,0
3738,0
3739,1
3740,0
3741,1
3742,0
3743,0
3744,0
3745,0
3746,1
3747,0
3748,1
3749,1
3750,1
3751,0
3752,1
3753,0
3754,1
3755,0
3756,0
3757,1
3758,1
3759,0
3760,0
3761,0
3762,0
3763,0
3764,0
3765,0
3766,1
3767,1
3768,1
3769,0
3770,1
3771,1
3772,1
3773,0
3774,1
3775,0
3776,0
3777,0
3778,0
3779,0
3780,1
3781,1
3782,0
3783,1
3784,1
3785,1
3786,1
3787,0
3788,0
3789,1
3790,0
3791,1
3792,0
3793,1
3794,1
3795,0
3796,0
3797,0
3798,0
3799,1
3800,1
3801,1
3802,0
3803,0
3804,1
3805,0
3806,0
3807,1
3808,0
3809,1
3810,1
3811,0
3812,0
3813,1
3814,0
3815,1
3816,1
3817,1
3818,1
3819,0
3820,0
3821,1
3822,1
3823,0
3824,1
3825,1
3826,0
3827,0
3828,1
3829,1
3830,0
3831,1
3832,1
3833,1
3834,0
3835,0
3836,1
3837,0
3838,0
3839,1
3840,0
3841,1
3842,0
3843,0
3844,0
3845,1
3846,1
3847,0
3848,0
3849,0
3850,0
3851,0
3852,1
3853,0
3854,1
3855,0
3856,1
3857,0
3858,0
3859,0
3860,1
3861,0
3862,1
3863,1
3864,0
3865,0
3866,0
3867,1
3868,1
3869,1
3870,0
3871,1
3872,0
3873,1
3874,0
3875,1
3876,0
3877,1
3878,0
3879,0
3880,1
3881,1
3882,1
3883,0
3884,0
3885,0
3886,0
3887,0
3888,0
3889,0
3890,1
3891,0
3892,0
3893,1
3894,0
3895,0
3896,0
3897,0
3898,0
3899,1
3900,1
3901,1
3902,0
3903,0
3904,0
3905,0
3906,0
3907,1
3908,0
3909,0
3910,0
3911,0
3912,0
3913,0
3914,1
3915,0
3916,0
3917,1
3918,0
3919,0
3920,1
3921,0
3922,1
3923,0
3924,0
3925,0
3926,0
3927,1
3928,1
3929,1
3930,1
3931,1
3932,1
3933,0
3934,0
3935,0
3936,1
3937,1
3938,0
3939,0
3940,0
3941,1
3942,0
3943,1
3944,1
3945,0
3946,1
3947,1
3948,1
3949,1
3950,0
3951,1
3952,1
3953,1
3954,1
3955,0
3956,0
3957,0
3958,0
3959,1
3960,1
3961,0
3962,0
3963,1
3964,1
3965,1
3966,1
3967,1
3968,1
3969,0
3970,1
3971,0
3972,0
3973,0
3974,1
3975,0
3976,0
3977,1
3978,1
3979,1
3980,1
3981,0
3982,0
3983,0
3984,0
3985,1
3986,0
3987,1
3988,1
3989,1
3990,0
3991,1
3992,0
3993,0
3994,1
3995,1
3996,0
3997,0
3998,1
3999,0
4000,1
4001,0
4002,1
4003,0
4004,1
4005,0
4006,1
4007,0
4008,1
4009,1
4010,0
4011,1
4012,1
4013,1
4014,1
4015,0
4016,0
4017,0
4018,0
4019,1
4020,1
4021,0
4022,0
4023,0
4024,0
4025,1
4026,1
4027,1
4028,1
4029,1
4030,0
4031,1
4032,0
4033,0
4034,1
4035,1
4036,0
4037,1
4038,1
4039,0
4040,1
4041,1
4042,1
4043,0
4044,1
4045,1
4046,0
4047,0
4048,1
4049,0
4050,0
4051,1
4052,1
4053,0
4054,1
4055,0
4056,0
4057,0
4058,0
4059,1
4060,0
4061,0
4062,0
4063,1
4064,1
4065,1
4066,0
4067,0
4068,0
4069,1
4070,1
4071,0
4072,0
4073,0
4074,0
4075,0
4076,0
4077,1
4078,0
4079,1
4080,0
4081,0
4082,1
4083,0
4084,0
4085,1
4086,1
4087,0
4088,0
4089,0
4090,0
4091,0
4092,0
4093,0
4094,1
4095,1
4096,0
4097,1
4098,1
4099,1
4100,0
4101,0
4102,0
4103,1
4104,1
4105,0
4106,0
4107,0
4108,1
4109,1
4110,1
4111,1
4112,0
4113,0
4114,0
4115,1
4116,1
4117,1
4118,0
4119,0
4120,1
4121,1
4122,0
4123,1
4124,0
4125,0
4126,1
4127,0
4128,1
4129,0
4130,0
4131,0
4132,1
4133,1
4134,1
4135,0
4136,1
4137,0
4138,1
4139,1
4140,1
4141,0
4142,1
4143,1
4144,0
4145,0
4146,1
4147,1
4148,1
4149,0
4150,1
4151,1
4152,1
4153,0
4154,1
4155,0
4156,0
4157,1
4158,0
4159,1
4160,1
4161,1
4162,0
4163,0
4164,0
4165,1
4166,0
4167,0
4168,1
4169,0
4170,1
4171,0
4172,0
4173,0
4174,1
4175,0
4176,0
4177,1
4178,0
4179,0
4180,1
4181,0
4182,0
4183,0
4184,1
4185,1
4186,1
4187,1
4188,0
4189,0
4190,1
4191,1
4192,0
4193,1
4194,1
4195,0
4196,1
4197,1
4198,0
4199,1
4200,0
4201,1
4202,0
4203,1
4204,0
4205,0
4206,1
4207,0
4208,0
4209,1
4210,0
4211,1
4212,0
4213,0
4214,0
4215,0
4216,0
4217,1
4218,0
4219,0
4220,0
4221,0
4222,0
4223,0
4224,1
4225,1
4226,1
4227,0
4228,1
4229,0
4230,0
4231,1
4232,0
4233,0
4234,1
4235,1
4236,0
4237,1
4238,1
4239,1
4240,0
4241,0
4242,0
4243,1
4244,0
4245,0
4246,0
4247,1
4248,1
4249,1
4250,1
4251,0
4252,0
4253,0
4254,0
4255,1
4256,0
4257,0
4258,0
4259,1
4260,1
4261,0
4262,0
4263,0
4264,0
4265,0
4266,1
4267,0
4268,1
4269,1
4270,1
4271,1
4272,0
4273,0
4274,0
4275,0
4276,1
4277,0
4278,0
4279,1
4280,0
4281,0
4282,1
4283,1
4284,1
4285,1
4286,1
4287,1
4288,1
4289,1
4290,1
4291,1
4292,0
4293,0
4294,1
4295,0
4296,1
4297,1
4298,1
4299,1
4300,0
4301,0
4302,0
4303,1
4304,0
4305,0
4306,0
4307,0
4308,1
4309,1
4310,1
4311,1
4312,0
4313,1
4314,1
4315,1
4316,0
4317,0
4318,0
4319,0
4320,0
4321,0
4322,0
4323,0
4324,0
4325,1
4326,0
4327,0
4328,0
4329,0
4330,1
4331,1
4332,1
4333,0
4334,1
4335,0
4336,0
4337,1
4338,1
4339,0
4340,1
4341,1
4342,1
4343,0
4344,1
4345,0
4346,1
4347,0
4348,1
4349,0
4350,0
4351,1
4352,1
4353,0
4354,1
4355,0
4356,1
4357,0
4358,1
4359,1
4360,0
4361,1
4362,0
4363,0
4364,1
4365,1
4366,0
4367,1
4368,1
4369,0
4370,0
4371,0
4372,1
4373,0
4374,1
4375,0
4376,0
4377,0
4378,0
4379,1
4380,1
4381,0
4382,0
4383,1
4384,0
4385,1
4386,1
4387,0
4388,1
4389,0
4390,1
4391,1
4392,0
4393,0
4394,0
4395,0
4396,0
4397,0
4398,1
4399,1
4400,1
4401,1
4402,1
4403,0
4404,1
4405,0
4406,1
4407,1
4408,1
4409,0
4410,0
4411,1
4412,1
4413,1
4414,0
4415,1
4416,0
4417,1
4418,0
4419,1
4420,0
4421,0
4422,0
4423,1
4424,0
4425,0
4426,0
4427,0
4428,0
4429,1
4430,1
4431,0
4432,1
4433,0
4434,1
4435,0
4436,0
4437,1
4438,1
4439,1
4440,0
4441,1
4442,0
4443,0
4444,1
4445,0
4446,0
4447,0
4448,1
4449,1
4450,1
4451,0
4452,1
4453,1
4454,0
4455,0
4456,0
4457,0
4458,0
4459,0
4460,1
4461,1
4462,1
4463,1
4464,0
4465,0
4466,0
4467,1
4468,1
4469,1
4470,0
4471,0
4472,1
4473,0
4474,1
4475,0
4476,0
4477,1
4478,1
4479,1
4480,1
4481,0
4482,1
4483,1
4484,0
4485,1
4486,1
4487,1
4488,0
4489,1
4490,1
4491,1
4492,0
4493,0
4494,0
4495,0
4496,1
4497,0
4498,1
4499,1
4500,0
4501,1
4502,0
4503,1
4504,1
4505,0
4506,1
4507,0
4508,1
4509,0
4510,1
4511,1
4512,0
4513,0
4514,0
4515,0
4516,0
4517,0
4518,1
4519,0
4520,0
4521,0
4522,0
4523,0
4524,0
4525,1
4526,0
4527,1
4528,1
4529,1
4530,0
4531,1
4532,1
4533,0
4534,0
4535,0
4536,0
4537,1
4538,0
4539,1
4540,0
4541,1
4542,0
4543,1
4544,1
4545,1
4546,0
4547,1
4548,1
4549,1
4550,1
4551,1
4552,0
4553,1
4554,1
4555,0
4556,0
4557,1
4558,0
4559,1
4560,1
4561,0
4562,0
4563,1
4564,0
4565,1
4566,0
4567,0
4568,0
4569,0
4570,1
4571,0
4572,1
4573,1
4574,1
4575,1
4576,1
4577,0
4578,1
4579,0
4580,0
4581,0
4582,0
4583,1
4584,1
4585,1
4586,1
4587,1
4588,0
4589,0
4590,0
4591,0
4592,0
4593,1
4594,0
4595,1
4596,0
4597,0
4598,0
4599,0
4600,0
4601,1
4602,0
4603,0
4604,1
4605,1
4606,1
4607,0
4608,1
4609,0
4610,0
4611,0
4612,1
4613,1
4614,0
4615,0
4616,0
4617,1
4618,1
4619,1
4620,0
4621,0
4622,1
4623,0
4624,0
4625,1
4626,0
4627,1
4628,1
4629,1
4630,0
4631,0
4632,0
4633,1
4634,0
4635,1
4636,0
4637,1
4638,1
4639,0
4640,0
4641,1
4642,0
4643,0
4644,0
4645,1
4646,1
4647,0
4648,1
4649,0
4650,0
4651,1
4652,0
4653,1
4654,0
4655,1
4656,1
4657,0
4658,0
4659,1
4660,0
4661,1
4662,1
4663,0
4664,0
4665,1
4666,0
4667,1
4668,1
4669,0
4670,0
4671,1
4672,0
4673,1
4674,1
4675,1
4676,0
4677,0
4678,1
4679,1
4680,1
4681,0
4682,0
4683,1
4684,0
4685,1
4686,1
4687,0
4688,0
4689,0
4690,0
4691,1
4692,1
4693,0
4694,0
4695,0
4696,1
4697,1
4698,1
4699,1
4700,1
4701,0
4702,1
4703,0
4704,0
4705,0
4706,0
4707,0
4708,1
4709,0
4710,0
4711,0
4712,1
4713,1
4714,0
4715,0
4716,0
4717,0
4718,0
4719,1
4720,1
4721,0
4722,1
4723,1
4724,1
4725,0
4726,0
4727,0
4728,0
4729,0
4730,0
4731,0
4732,0
4733,0
4734,0
4735,0
4736,0
4737,1
4738,0
4739,0
4740,0
4741,1
4742,0
4743,1
4744,1
4745,1
4746,0
4747,1
4748,0
4749,0
4750,0
4751,1
4752,1
4753,1
4754,0
4755,0
4756,1
4757,0
4758,0
4759,0
4760,1
4761,0
4762,0
4763,0
4764,1
4765,1
4766,1
4767,0
4768,0
4769,0
4770,0
4771,0
4772,0
4773,0
4774,0
4775,0
4776,0
4777,0
4778,1
4779,0
4780,0
4781,0
4782,0
4783,0
4784,0
4785,1
4786,0
4787,0
4788,0
4789,1
4790,0
4791,1
4792,0
4793,1
4794,0
4795,0
4796,1
4797,0
4798,0
4799,0
4800,1
4801,0
4802,1
4803,1
4804,1
4805,0
4806,1
4807,0
4808,0
4809,1
4810,1
4811,0
4812,0
4813,0
4814,1
4815,0
4816,0
4817,0
4818,1
4819,1
4820,0
4821,0
4822,1
4823,0
4824,1
4825,0
4826,0
4827,0
4828,0
4829,0
4830,1
4831,0
4832,1
4833,0
4834,0
4835,1
4836,0
4837,1
4838,0
4839,1
4840,0
4841,0
4842,0
4843,0
4844,1
4845,0
4846,1
4847,1
4848,0
4849,0
4850,1
4851,1
4852,0
4853,0
4854,0
4855,1
4856,0
4857,0
4858,1
4859,0
4860,0
4861,0
4862,0
4863,0
4864,0
4865,1
4866,1
4867,1
4868,1
4869,1
4870,0
4871,0
4872,0
4873,0
4874,1
4875,1
4876,1
4877,0
4878,0
4879,1
4880,1
4881,0
4882,0
4883,0
4884,0
4885,0
4886,1
4887,1
4888,0
4889,0
4890,1
4891,0
4892,0
4893,0
4894,0
4895,1
4896,1
4897,0
4898,1
4899,0
4900,0
4901,0
4902,1
4903,0
4904,0
4905,1
4906,0
4907,0
4908,0
4909,1
4910,0
4911,0
4912,0
4913,0
4914,1
4915,0
4916,0
4917,0
4918,0
4919,1
4920,0
4921,0
4922,1
4923,1
4924,0
4925,0
4926,0
4927,0
4928,0
4929,0
4930,1
4931,1
4932,1
4933,0
4934,0
4935,0
4936,1
4937,0
4938,0
4939,0
4940,0
4941,0
4942,1
4943,1
4944,1
4945,1
4946,1
4947,1
4948,1
4949,0
4950,1
4951,0
4952,0
4953,0
4954,1
4955,0
4956,0
4957,0
4958,1
4959,0
4960,1
4961,1
4962,1
4963,0
4964,0
4965,1
4966,0
4967,0
4968,0
4969,1
4970,0
4971,1
4972,1
4973,0
4974,1
4975,1
4976,0
4977,1
4978,0
4979,0
4980,1
4981,1
4982,0
4983,0
4984,0
4985,0
4986,1
4987,0
4988,1
4989,1
4990,0
4991,0
4992,1
4993,1
4994,1
4995,0
4996,0
4997,1
4998,0
4999,0
5000,0
5001,0
5002,1
5003,0
5004,0
5005,0
5006,1
5007,1
5008,0
5009,0
5010,0
5011,0
5012,0
5013,0
5014,0
5015,0
5016,0
5017,0
5018,0
5019,1
5020,0
5021,1
5022,1
5023,1
5024,1
5025,1
5026,0
5027,1
5028,0
5029,0
5030,0
5031,1
5032,0
5033,1
5034,1
5035,0
5036,0
5037,1
5038,0
5039,1
5040,1
5041,1
5042,1
5043,0
5044,1
5045,0
5046,1
5047,1
5048,0
5049,1
5050,1
5051,1
5052,0
5053,1
5054,1
5055,1
5056,0
5057,1
5058,1
5059,0
5060,1
5061,0
5062,1
5063,0
5064,1
5065,1
5066,0
5067,1
5068,1
5069,0
5070,1
5071,1
5072,1
5073,0
5074,0
5075,0
5076,1
5077,0
5078,0
5079,0
5080,1
5081,1
5082,0
5083,1
5084,0
5085,1
5086,0
5087,0
5088,1
5089,0
5090,0
5091,0
5092,0
5093,1
5094,1
5095,0
5096,1
5097,0
5098,0
5099,0
5100,0
5101,0
5102,0
5103,1
5104,1
5105,1
5106,1
5107,0
5108,0
5109,1
5110,1
5111,1
5112,1
5113,1
5114,0
5115,0
5116,1
5117,0
5118,0
5119,0
5120,1
5121,1
5122,0
5123,1
5124,1
5125,1
5126,1
5127,1
5128,0
5129,1
5130,0
5131,0
5132,0
5133,1
5134,0
5135,0
5136,1
5137,1
5138,1
5139,1
5140,1
5141,0
5142,1
5143,0
5144,1
5145,0
5146,0
5147,0
5148,1
5149,0
5150,1
5151,1
5152,0
5153,1
5154,0
5155,1
5156,1
5157,0
5158,0
5159,1
5160,1
5161,1
5162,1
5163,0
5164,1
5165,0
5166,1
5167,1
5168,1
5169,1
5170,0
5171,0
5172,0
5173,1
5174,0
5175,1
5176,1
5177,1
5178,0
5179,1
5180,0
5181,1
5182,0
5183,0
5184,0
5185,0
5186,1
5187,1
5188,1
5189,0
5190,1
5191,0
5192,1
5193,1
5194,1
5195,1
5196,1
5197,1
5198,1
5199,1
5200,1
5201,0
5202,0
5203,1
5204,0
5205,1
5206,0
5207,0
5208,0
5209,1
5210,1
5211,0
5212,1
5213,0
5214,0
5215,1
5216,1
5217,1
5218,1
5219,1
5220,0
5221,0
5222,0
5223,1
5224,1
5225,0
5226,1
5227,0
5228,1
5229,0
5230,0
5231,1
5232,1
5233,0
5234,0
5235,1
5236,1
5237,0
5238,1
5239,1
5240,1
5241,1
5242,1
5243,1
5244,1
5245,1
5246,0
5247,1
5248,0
5249,0
5250,0
5251,1
5252,1
5253,1
5254,0
5255,1
5256,0
5257,0
5258,0
5259,1
5260,1
5261,0
5262,1
5263,0
5264,0
5265,1
5266,0
5267,1
5268,1
5269,0
5270,1
5271,0
5272,1
5273,1
5274,1
5275,0
5276,1
5277,1
5278,1
5279,1
5280,1
5281,0
5282,0
5283,0
5284,1
5285,1
5286,1
5287,1
5288,1
5289,1
5290,1
5291,1
5292,0
5293,0
5294,1
5295,1
5296,0
5297,1
5298,1
5299,0
5300,1
5301,1
5302,0
5303,0
5304,1
5305,0
5306,0
5307,0
5308,0
5309,0
5310,0
5311,1
5312,1
5313,0
5314,1
5315,1
5316,0
5317,0
5318,1
5319,0
5320,0
5321,1
5322,1
5323,0
5324,1
5325,0
5326,0
5327,0
5328,0
5329,0
5330,1
5331,0
5332,0
5333,1
5334,1
5335,1
5336,1
5337,0
5338,1
5339,1
5340,0
5341,0
5342,0
5343,0
5344,0
5345,1
5346,0
5347,0
5348,0
5349,1
5350,0
5351,0
5352,1
5353,1
5354,0
5355,1
5356,1
5357,0
5358,1
5359,1
5360,1
5361,0
5362,0
5363,1
5364,0
5365,0
5366,1
5367,0
5368,1
5369,1
5370,1
5371,0
5372,0
5373,1
5374,0
5375,1
5376,1
5377,0
5378,0
5379,0
5380,0
5381,1
5382,1
5383,1
5384,1
5385,0
5386,1
5387,0
5388,0
5389,0
5390,0
5391,1
5392,0
5393,1
5394,1
5395,1
5396,0
5397,0
5398,1
5399,1
5400,1
5401,0
5402,0
5403,1
5404,0
5405,0
5406,0
5407,0
5408,1
5409,0
5410,1
5411,0
5412,0
5413,0
5414,0
5415,0
5416,0
5417,1
5418,0
5419,0
5420,0
5421,0
5422,0
5423,0
5424,0
5425,0
5426,1
5427,0
5428,1
5429,1
5430,0
5431,1
5432,1
5433,1
5434,1
5435,0
5436,0
5437,1
5438,0
5439,1
5440,1
5441,0
5442,0
5443,0
5444,0
5445,1
5446,1
5447,0
5448,0
5449,0
5450,1
5451,1
5452,1
5453,0
